Login,เข้าสู่ระบบ
Logout,ออกจากระบบ
Email,อีเมล
Password,รหัสผ่าน
Forgot your password?,ลืมรหัสผ่าน?
Create an account,สร้างบัญชี
Register,ลงทะเบียน
Full Name,ชื่อ-นามสกุล
Full Name,ชื่อ-นามสกุล
SIGN IN,เข้าสู่ระบบ
Order History,ประวัติการสั่งซื้อ
Account Details,รายละเอียดบัญชี
You have not placed any orders yet,คุณยังไม่มีรายการสั่งซื้อในขณะนี้
My Account,บัญชีของฉัน
Already have an account?,มีบัญชีอยู่แล้วใช่ไหม?
Contact information,ข้อมูลการติดต่อ
City,เมือง / อำเภอ
Account Information,ข้อมูลบัญชี
Address,ที่อยู่
Postcode,รหัสไปรษณีย์
Postcode is required,กรุณากรอกรหัสไปรษณีย์
Telephone is required,กรุณากรอกเบอร์โทรศัพท์
Telephone,เบอร์โทรศัพท์
Full name is required,กรุณากรอกชื่อ-นามสกุล
Country is required,กรุณาเลือกประเทศ
Country,ประเทศ
Province is required,กรุณาเลือกจังหวัด
Province,จังหวัด
Billing Address,ที่อยู่สำหรับใบเสร็จ
Shipping Address,ที่อยู่สำหรับการจัดส่ง
Create A New Account,สร้างบัญชีใหม่
Contact,ติดต่อ
Customer information,ข้อมูลลูกค้า
Contact Information,ข้อมูลการติดต่อ