Discount ${discount} For All Orders Over ${price},ส่วนลด ${discount} สำหรับคำสั่งซื้อทั้งหมดที่มียอดซื้อตั้งแต่ ${price} ขึ้นไป
Please select,กรุณาเลือก...
The page you requested does not exist.,ไม่พบหน้าเว็บที่คุณต้องการ
Continue shopping,เลือกซื้อสินค้าต่อ
404 Page Not Found,404 ไม่พบหน้าเว็บที่ต้องการ
Home,หน้าแรก
Not found,ไม่พบข้อมูล
Recent Orders,รายการล่าสุด
Address Book,ที่อยู่
Edit,แก้ไข
Delete,ลบ
Add,เพิ่ม
Your Cart,ตะกร้าของคุณ
Your cart is empty,ตะกร้าของคุณยังว่างเปล่า
Save,บันทึก
Edit Address,แก้ไขที่อยู่
Add new address,เพิ่มที่อยู่ใหม่
Product Filters,กรองสินค้า
Default,เริ่มต้น
Name,ชื่อ